complex_name,uniprot_1,uniprot_2,uniprot_3,uniprot_4,transmembrane,peripheral,secreted,secreted_desc,secreted_highlight,receptor,receptor_desc,integrin,other,other_desc,pdb_id,pdb_structure,stoichiometry,comments_complex
12oxoLeukotrieneB4_byPTGR1,Q14914,,,,False,False,True,CHEBI:27814,True,False,,False,True,biosynthesis_enzyme,,FALSE,,
22Hydroxycholesterol_byCYP11A1,P05108,,,,False,False,True,CHEBI:67237,True,False,,False,True,biosynthesis_enzyme,,FALSE,,
22Hydroxycholesterol_byCYP3A4,P08684,,,,False,False,True,CHEBI:67237,True,False,,False,True,biosynthesis_enzyme,,FALSE,,
2arachidonoylglycerol_byDAGLA,Q9Y4D2,,,,False,False,True,CHEBI:52392,True,False,,False,True,biosynthesis_enzyme,,FALSE,,
2arachidonoylglycerol_byDAGLB,Q8NCG7,,,,False,False,True,CHEBI:52392,True,False,,False,True,biosynthesis_enzyme,,FALSE,,
5SHpETE_byALOX5,P09917,Q16873,P20292,,False,False,True,CHEBI:15632,True,False,,False,True,biosynthesis_enzyme,,FALSE,,
5alphaDihydroprogesterone_byDHRS9,Q9BPW9,,,,False,False,True,CHEBI:28952,True,False,,False,True,biosynthesis_enzyme,,FALSE,,
ACVL1_ACVR2A,P37023,P27037,,,True,False,False,,False,True,,False,False,,,FALSE,,
ACVL1_BMPR2,P37023,Q13873,,,True,False,False,,False,True,,False,False,,,FALSE,,
ACVR1_BMPR2,Q04771,Q13873,,,True,False,False,,False,True,,False,False,,,FALSE,,
ACVR_1A2A_receptor,Q04771,P27037,,,True,False,False,,False,True,TGFBeta_receptor_add,False,False,,,FALSE,,Transmembrane serine threonine kinase activin type 1 receptor forming an activin receptor complex with activin receptor type 2 (ACVR2A or ACVR2B)
ACVR_1A2B_receptor,Q04771,Q13705,,,True,False,False,,False,True,TGFBeta_receptor_add,False,False,,,FALSE,,Transmembrane serine threonine kinase activin type 1 receptor forming an activin receptor complex with activin receptor type 2 (ACVR2A or ACVR2B)
ACVR_1B2A_receptor,P36896,P27037,,,True,False,False,,False,True,TGFBeta_receptor_add,False,False,,,FALSE,,Transmembrane serine threonine kinase activin type 1 receptor forming an activin receptor complex with activin receptor type 2 (ACVR2A or ACVR2B)
ACVR_1B2B_receptor,P36896,Q13705,,,True,False,False,,False,True,TGFBeta_receptor_add,False,False,,,FALSE,,Transmembrane serine threonine kinase activin type 1 receptor forming an activin receptor complex with activin receptor type 2 (ACVR2A or ACVR2B)
ACVR_1C2A_receptor,Q8NER5,P27037,,,True,False,False,,False,True,,False,False,,,FALSE,,
ACVR_1C2B_receptor,Q8NER5,Q13705,,,True,False,False,,False,True,,False,False,,,FALSE,,
ADR_complex,Q96A54,Q86V24,,,True,False,False,,False,True,,False,False,,,FALSE,,May form homooligomers and heterooligomers with ADIPOR2
AMY1_receptor,P30988,O60894,,,True,False,False,,False,True,,False,False,,,FALSE,,
AMY2_receptor,P30988,O60895,,,True,False,False,,False,True,,False,False,,,FALSE,,
AMY3_receptor,P30988,O60896,,,True,False,False,,False,True,,False,False,,,FALSE,,
AcetylcholineReceptor_a2b3,Q15822,Q05901,,,True,False,False,,False,True,,False,False,,,FALSE,,
AcetylcholineReceptor_a3b2a5,P32297,P17787,P30532,,True,False,False,,False,True,,False,False,,,FALSE,,
AcetylcholineReceptor_a3b4a5,P32297,P30926,P30532,,True,False,False,,False,True,,False,False,,,FALSE,,
AcetylcholineReceptor_a4b2,P43681,P17787,,,True,False,False,,False,True,,False,False,,,FALSE,,
AcetylcholineReceptor_a6a4b3,Q15825,P43681,Q05901,,True,False,False,,False,True,,False,False,,,FALSE,,
AcetylcholineReceptor_a6b3b4,Q15825,Q05901,P30926,,True,False,False,,False,True,,False,False,,,FALSE,,
Acetylcholine_byCHAT,P28329,,,,False,False,True,CHEBI:15355,True,False,,False,True,biosynthesis_enzyme,,FALSE,,
Activin_ligand_ab,P08476,P09529,,,False,False,True,TGFb,True,False,,False,False,,,FALSE,,
AldosteroneCorticosterone_byCYP11B2,P19099,,,,False,False,True,CHEBI:27584;CHEBI:16827,True,False,,False,True,biosynthesis_enzyme,,FALSE,,
Androstenedione_byCYP17A1,P05093,,,,False,False,True,CHEBI:16422,True,False,,False,True,biosynthesis_enzyme,,FALSE,,
Androsterone_byHSD17B6,O14756,,,,False,False,True,CHEBI:16032,True,False,,False,True,biosynthesis_enzyme,,FALSE,,uniprot;PMID:10896656;PMID:11360992
BCR_CD45_CD22,P11274,P08575,P20273,,True,False,False,,False,True,,False,False,,,FALSE,,
BMP9_BMP15,Q9UK05,O95972,,,False,False,True,,True,False,,False,False,,,FALSE,,
BMPR1A_BMPR2,P36894,Q13873,,,True,False,False,,False,True,,False,False,,,FALSE,,"On ligand binding, forms a receptor complex consisting of two type II and two type I transmembrane serine threonine kinases"
BMPR1B_BMPR2,O00238,Q13873,,,True,False,False,,False,True,TGFBeta_receptor_add,False,False,,,FALSE,,Serine threonine kinase heterodimer upon ligand binding
BMPR1B_BMPR2_ACVR1B,O00238,Q13873,P36896,,True,False,False,,False,True,TGFBeta_receptor_add,False,False,,,FALSE,,Serine threonine kinase heterodimer upon ligand binding
BMR1A_ACR2A,P36894,P27037,,,True,False,False,,False,True,,False,False,,,FALSE,,
BMR1A_AVR2B,P36894,Q13705,,,True,False,False,,False,True,,False,False,,,FALSE,,
BMR1B_AVR2A,O00238,P27037,,,True,False,False,,False,True,,False,False,,,FALSE,,
BMR1B_AVR2B,O00238,Q13705,,,True,False,False,,False,True,,False,False,,,FALSE,,
BetaKlotho_FGFR4,P22455,Q86Z14,,,True,False,False,,False,False,,False,False,,,FALSE,,
CD8_receptor,P01732,P10966,,,True,False,False,,False,True,T_cell_receptor_add,False,False,,,FALSE,,In general heterodimer of an a and a beta chain linked bytwo disulfide bonds Can also form homodimers
CD94:NKG2A,Q13241,P26715,,,True,False,False,,False,True,,False,False,,,FALSE,,
CD94:NKG2C,Q13241,P26717,,,True,False,False,,False,True,,False,False,,,FALSE,,
CD94:NKG2E,Q13241,Q07444,,,True,False,False,,False,True,,False,False,,,FALSE,,
CNTF_1R,P26992,P42702,P40189,,True,False,False,,False,True,Cytokine_receptor_IL6_family,False,False,,,FALSE,,"Heterotrimer of the alpha subunit, LIFR and IL6ST"
CUBN_AMN_complex,Q9BXJ7,O60494,,,True,False,False,,False,True,,False,False,,,FALSE,,
Calcitriol_byCYP27B1,O15528,,,,False,False,True,CHEBI:17823,True,False,,False,True,biosynthesis_enzyme,,FALSE,,
CatSperChannel1b,Q8NEC5,Q9H7T0,,,True,False,False,,False,True,,False,False,,,FALSE,,
CatSperChannel1dg,Q8NEC5,Q86XM0,,,True,False,False,,False,True,,False,False,,,FALSE,,
CatSperChannel2b,Q96P56,Q9H7T0,,,True,False,False,,False,True,,False,False,,,FALSE,,
CatSperChannel2dg,Q96P56,Q86XM0,,,True,False,False,,False,True,,False,False,,,FALSE,,
CatSperChannel3b,Q86XQ3,Q9H7T0,,,True,False,False,,False,True,,False,False,,,FALSE,,
CatSperChannel3dg,Q86XQ3,Q86XM0,,,True,False,False,,False,True,,False,False,,,FALSE,,
CatSperChannel4b,Q7RTX7,Q9H7T0,,,True,False,False,,False,True,,False,False,,,FALSE,,
CatSperChannel4dg,Q7RTX7,Q86XM0,,,True,False,False,,False,True,,False,False,,,FALSE,,
Cholesterol_byCEL,P19835,,,,False,False,True,CHEBI:16113,True,False,,False,True,biosynthesis_enzyme,,FALSE,,
Cholesterol_byDHCR24,Q15392,,,,False,False,True,CHEBI:16113,True,False,,False,True,biosynthesis_enzyme,,FALSE,,
Cholesterol_byDHCR7,Q9UBM7,,,,False,False,True,CHEBI:16113,True,False,,False,True,biosynthesis_enzyme,,FALSE,,
Cholesterol_byLIPA,P38571,,,,False,False,True,CHEBI:16113,True,False,,False,True,biosynthesis_enzyme,,FALSE,,
Corticosterone_byCYP11B1,P15538,,,,False,False,True,CHEBI:16827,True,False,,False,True,biosynthesis_enzyme,,FALSE,,
Epinephrine_byPNMT,P11086,,,,False,False,True,CHEBI:28918,True,False,,False,True,biosynthesis_enzyme,,FALSE,,
Estradiol_byCYP19A1,P11511,,,,False,False,True,CHEBI:16469,True,False,,False,True,biosynthesis_enzyme,,FALSE,,
Estradiol_byHSD17B1,P14061,,,,False,False,True,CHEBI:16469,True,False,,False,True,biosynthesis_enzyme,,FALSE,,
FDZ8_RYK,P34925,Q9H461,,,True,False,False,,False,True,,False,False,,,FALSE,,
FLT1_complex,P17948,P35968,,,True,False,False,,False,True,,False,True,Migration,,FALSE,,Can also form a heterodimer with KDR
FZD10_LRP5,O75197,Q9ULW2,,,True,False,False,,False,False,,False,False,,,FALSE,,
FZD10_LRP6,O75581,Q9ULW2,,,True,False,False,,False,False,,False,False,,,FALSE,,
FZD1_LRP5,O75197,Q9UP38,,,True,False,False,,False,False,,False,False,,,FALSE,,
FZD1_LRP6,O75581,Q9UP38,,,True,False,False,,False,False,,False,False,,,FALSE,,
FZD2_LRP5,O75197,Q14332,,,True,False,False,,False,False,,False,False,,,FALSE,,
FZD2_LRP6,O75581,Q14332,,,True,False,False,,False,False,,False,False,,,FALSE,,
FZD3_LRP5,O75197,Q9NPG1,,,True,False,False,,False,False,,False,False,,,FALSE,,
FZD3_LRP6,O75581,Q9NPG1,,,True,False,False,,False,False,,False,False,,,FALSE,,
FZD4_LRP5,O75197,Q9ULV1,,,True,False,False,,False,False,,False,False,,,FALSE,,
FZD4_LRP6,O75581,Q9ULV1,,,True,False,False,,False,False,,False,False,,,FALSE,,
FZD5_LRP5,O75197,Q13467,,,True,False,False,,False,False,,False,False,,,FALSE,,
FZD5_LRP6,O75581,Q13467,,,True,False,False,,False,False,,False,False,,,FALSE,,
FZD6_LRP5,O75197,O60353,,,True,False,False,,False,False,,False,False,,,FALSE,,
FZD6_LRP6,O75581,O60353,,,True,False,False,,False,False,,False,False,,,FALSE,,
FZD7_LRP5,O75197,O75084,,,True,False,False,,False,False,,False,False,,,FALSE,,
FZD7_LRP6,O75581,O75084,,,True,False,False,,False,False,,False,False,,,FALSE,,
FZD8_LRP5,O75197,Q9H461,,,True,False,False,,False,False,,False,False,,,FALSE,,
FZD8_LRP6,O75581,Q9H461,,,True,False,False,,False,False,,False,False,,,FALSE,,
FZD9_LRP5,O75197,O00144,,,True,False,False,,False,False,,False,False,,,FALSE,,
FZD9_LRP6,O75581,O00144,,,True,False,False,,False,False,,False,False,,,FALSE,,
FcRn_complex,P61769,P55899,,,True,False,False,,False,True,Human_IgG_receptor,False,True,"transports_immunoglobulin_G_(IgG)_across_epithelia,",1exu,TRUE,B2M;FCGRT,"FcRn complex consist of two subunits: p51, and p14 which is equivalent to beta 2 microglobulin It forms an MHC class I like heterodimer"
Follitropin,P01215,P01225,,,False,False,True,,True,False,,False,False,,,FALSE,,
GALR1,P47211,Q8TDV0,,,True,False,False,,False,True,,False,False,,,FALSE,,
GALR2,O43603,Q8TDV0,,,True,False,False,,False,True,,False,False,,,FALSE,,
GALR3,O60755,Q8TDV0,,,True,False,False,,False,True,,False,False,,,FALSE,,
GMCSFR,P32927,P15509,,,True,False,False,,False,True,Cytokine_receptor_IL3_family,False,False,,4nkq,binding,CSF2;CSF2RA;CSF2RB,Heterodimer of an a and a beta subunit
Glycoprotein_Ib_complex,P07359,P13224,,,True,False,False,,False,True,,False,False,,,FALSE,,Two GP Ib beta are disulfide linked to one GP Ib alpha
Histamine_byHDC,P19113,,,,False,False,True,CHEBI:18295,True,False,,False,True,biosynthesis_enzyme,,FALSE,,
IGF1R_enhancerComGPC3,P08069,P51654,,,True,False,False,,False,True,,False,False,,,FALSE,,
IL10_receptor,Q13651,Q08334,,,True,False,False,,False,True,Cytokine_receptor_IL10_family,False,False,,,FALSE,,Heterodimer of an alpha and a beta subunit
IL11_receptor,Q14626,P40189,,,True,False,False,,False,True,Cytokine_receptor_IL6_family,False,False,,,FALSE,,"On ligand binding, forms a multimer complex with IL6ST gp130"
IL12,P29459,P29460,,,False,False,True,"Cytokine_receptor_IL6_family,_IL12_subfamily",True,False,,False,False,,1f45,TRUE,IL12A;IL12B,
IL12_receptor,P42701,Q99665,,,True,False,False,,False,True,"Cytokine_receptor_IL6_family,_IL12_subfamily",False,False,,,FALSE,,"Associated with IL12RB2 it forms a functional, high affinity receptor for IL12"
IL13_receptor,P78552,P24394,,,True,False,False,,False,True,"Cytokine_receptor_IL2_family,_IL4_subfamily",False,False,,3bpo,binding,IL13;IL13RA1;IL4R,Together with IL4RA can form a functional receptor for IL13
IL15_receptor,Q13261,P14784,,,True,False,False,,False,True,Cytokine_receptor_IL2_family,False,False,,4gs7,TRUE,IL15;IL15RA;IL2RB;IL2RG,"The interleukin 15 receptor IL15R is a heterotrimer of IL15RA, IL2RB and IL2RG"
IL17_AF,Q16552,Q96PD4,,,False,False,True,Cytokine,True,False,,False,False,,,FALSE,,
IL17_receptor_AB,Q96F46,Q9NRM6,,,True,False,False,,False,True,Cytokine_receptor_IL17_family,False,False,,,FALSE,,
IL17_receptor_AC,Q96F46,Q8NAC3,,,True,False,False,,False,True,Cytokine_receptor_IL17_family,False,False,,,FALSE,,NA; the heterodimer binds IL17AF
IL17_receptor_AE,Q96F46,Q8NFR9,,,True,False,False,,False,True,Cytokine_receptor_IL17_family,False,False,,,FALSE,,Forms heterodimers with IL17RE; the heterodimer binds IL17C
IL18_receptor,Q13478,O95256,,,True,False,False,,False,True,Cytokine_receptor_IL1_family,False,False,,3wo4,TRUE,IL18;IL18R1;IL18RAP,Cytokine receptor family; Interleukin 18 family
IL1_receptor,P14778,Q9NPH3,,,True,False,False,,False,True,Cytokine_receptor_IL1_family,False,False,,4dep,binding,IL1B;IL1R1;IL1RAP,After binding to interleukin 1 associates with the corecptor IL1RAP to form the high affinity interleukin 1 receptor complex
IL1_receptor_inhibitor,P27930,Q9NPH3,,,True,False,False,,False,True,Cytokine_receptor_IL1_family,False,False,,3o4o,binding,IL1B;IL1R2;IL1RAP,After binding to interleukin 1 associates with the corecptor IL1RAP to form the high affinity interleukin 1 receptor antagonist complex
IL20_receptor_Type_I,Q9UHF4,Q6UXL0,,,True,False,False,,False,True,"Cytokine_receptor_IL10_family,_IL20_subfamily",False,False,,,FALSE,,The IL20RA IL10RB dimer is a receptor for IL26
IL20_receptor_Type_II,Q8N6P7,Q6UXL0,,,True,False,False,,False,True,"Cytokine_receptor_IL10_family,_IL20_subfamily",False,False,,,FALSE,,Component of IL22 receptor formed byIL22RA1 and IL10RB
IL21_receptor,Q9HBE5,P31785,,,True,False,False,,False,True,Cytokine_receptor_IL2_family,False,False,,,FALSE,,Heterodimer with the common gamma subunit
IL22_receptor,Q8N6P7,Q08334,,,True,False,False,,False,True,"Cytokine_receptor_IL10_family,_IL20_subfamily",False,False,,3dgc,binding,IL22;IL22RA1,Component of IL22 receptor formed byIL22RA1 and IL10RB
IL23,P29460,Q9NPF7,,,False,False,True,"Cytokine_receptor_IL6_family,_IL12_subfamily",True,False,,False,False,,3d87,TRUE,IL12B;IL12B;IL23A;IL23A,
IL23_receptor,P42701,Q5VWK5,,,True,False,False,,False,True,"Cytokine_receptor_IL6_family,_IL12_subfamily",False,False,,,FALSE,,Associates also with IL23R to form the interleukin 23 receptor which functions in IL23 signal transduction
IL26_receptor,Q9UHF4,Q08334,,,True,False,False,,False,True,"Cytokine_receptor_IL10_family,_IL20_subfamily",False,False,,,FALSE,,
IL27,Q14213,Q8NEV9,,,False,False,True,Cytokine_receptor_IL6_family,True,False,,False,False,,,FALSE,,
IL27_receptor,Q6UWB1,P40189,,,True,False,False,,False,True,Cytokine_receptor_IL6_family,False,False,,,FALSE,,Requires IL6ST gp130 to mediate signal transduction in response to IL27
IL28_receptor,Q8IU57,Q08334,,,True,False,False,,False,True,Cytokine_receptor_family,False,False,,5t5w,binding,IFNL3;IFNLR1;IL10RB,IFNLR1 IL10RB dimer is a receptor
IL2_receptor_HA,P01589,P14784,P31785,,True,False,False,,False,True,Cytokine_receptor_IL2_family,False,False,,2b5i,binding,IL2;IL2RA;IL2RB;IL2RG,"A high affinity dimer, an intermediate affinity monomer (beta subunit) The high and intermediate affinity forms also associate with a gamma subunit"
IL2_receptor_I,P14784,P31785,,,True,False,False,,False,True,Cytokine_receptor_IL2_family,False,False,,3qaz,binding,,
IL33_receptor,Q01638,Q9NPH3,,,True,False,False,,False,True,Cytokine_receptor_IL1_family,False,False,,,FALSE,,
IL35,Q14213,P29459,,,False,False,True,Cytokine_receptor,True,False,,False,False,,,FALSE,,
IL35_receptor,P40189,Q99665,,,True,False,False,,False,True,Cytokine_receptor_IL1_family,False,False,,,FALSE,,
IL36_receptor,Q9HB29,Q9NPH3,,,True,False,False,,False,True,Cytokine_receptor_IL1_family,False,False,,,FALSE,,After binding to interleukin 36 associates with the coreceptor IL1RAP to form the interleukin 36 receptor complex
IL37_receptor,Q13478,Q6IA17,,,True,False,False,,False,True,Cytokine_receptor_IL1_family,False,False,,,FALSE,,"See paper Nold Petry et al, 2015 Also called IL37"
IL3_receptor,P32927,P26951,,,True,False,False,,False,True,Cytokine_receptor_IL3_family,False,False,,,FALSE,,Heterodimer of an a and a beta subunit
IL4_receptor,P31785,P24394,,,True,False,False,,False,True,"Cytokine_receptor_IL2_family,_IL4_subfamily",False,False,,3qb7,TRUE,IL2RG;IL4R,"The functional IL4 receptor is formed byinitial binding of IL4 to IL4R Subsequent recruitment to the complex of the common gamma chain, in immune cells"
IL5_receptor,P32927,Q01344,,,True,False,False,,False,True,Cytokine_receptor_IL3_family,False,False,,,FALSE,,Heterodimer of an alpha and a beta subunit
IL6_receptor,P08887,P40189,,,True,False,False,,False,True,Cytokine_receptor_IL6_family,False,False,,1p9m,binding,IL6;IL6;IL6R;IL6R;IL6ST;IL6ST,Signal activation necessitate an association with IL6ST
IL7_receptor,P16871,P31785,,,True,False,False,,False,True,"Cytokine_receptor_IL2_family,_IL7_subfamily",False,False,,,FALSE,,The IL7 receptor is a heterodimer of IL7R and IL2RG
IL9_receptor,Q01113,P31785,,,True,False,False,,False,True,Cytokine_receptor_IL2_family,False,False,,,FALSE,,Cytokine receptor family; Interleukin 9 family
Inhibin_ligand_A,P08476,P05111,,,False,False,True,TGFb,True,False,,False,False,,,FALSE,,
Inhibin_ligand_B,P09529,P05111,,,False,False,True,TGFb,True,False,,False,False,,,FALSE,,
Klotho_FGFR1,P11362,Q9UEF7,,,True,False,False,,False,False,,False,False,,,FALSE,,
Kremen1_LRP6,Q96MU8,O75581,,,True,False,False,,False,False,,False,False,,,FALSE,,
Kremen2_LRP6,Q8NCW0,O75581,,,True,False,False,,False,False,,False,False,,,FALSE,,
LIFR,P42702,P40189,,,True,False,False,,False,True,Cytokine_receptor_IL6_family,False,False,,,FALSE,,Heterodimer composed of LIFR and IL6ST
LRP4_MUSK_complex,O15146,O75096,,,True,False,False,,False,True,,False,False,,3ml4,partial,DOK7;DOK7;MUSK;MUSK,MUSK Interacts with LRP4; the heterodimer forms an AGRIN receptor complex that binds AGRIN resulting in activation of MUSK
Ldopa_byTYR,P14679,,,,False,False,True,CHEBI:15765,True,False,,False,True,biosynthesis_enzyme,,FALSE,,
LeukotrieneB4_byLTA4H,P09960,,,,False,False,True,CHEBI:15647,True,False,,False,True,biosynthesis_enzyme,,FALSE,,
LeukotrieneC4_byLTC4S,P20292,P09917,Q16873,,False,False,True,CHEBI:16978,True,False,,False,True,biosynthesis_enzyme,,FALSE,,
LeukotrieneD4_byGGT1,P19440,P36269,,,False,False,True,CHEBI:28666,True,False,,False,True,biosynthesis_enzyme,,FALSE,,
LeukotrieneE4_byDPEP1,P16444,,,,False,False,True,CHEBI:15650,True,False,,False,True,biosynthesis_enzyme,,FALSE,,
LeukotrieneE4_byDPEP2,Q9H4A9,,,,False,False,True,CHEBI:15650,True,False,,False,True,biosynthesis_enzyme,,FALSE,,
LeukotrieneE4_byDPEP3,Q9H4B8,,,,False,False,True,CHEBI:15650,True,False,,False,True,biosynthesis_enzyme,,FALSE,,
LipoxinA4_byALOX12,P18054,,,,False,False,True,CHEBI:6498,True,False,,False,True,biosynthesis_enzyme,,FALSE,,
LipoxinA4_byALOX5,P09917,P20292,Q16873,,False,False,True,CHEBI:6498,True,False,,False,True,biosynthesis_enzyme,,FALSE,,
Lthyroxine_byTPO,P07202,,,,False,False,True,CHEBI:18332,True,False,,False,True,biosynthesis_enzyme,,FALSE,,
MIS_receptor_1,Q16671,P36894,,,True,False,False,,False,True,,False,False,,,FALSE,,
MIS_receptor_2,Q16671,O00238,,,True,False,False,,False,True,,False,False,,,FALSE,,
MIS_receptor_3,Q16671,Q04771,,,True,False,False,,False,True,,False,False,,,FALSE,,
Melatonin_byASMT,P46597,,,,False,False,True,CHEBI:16796,True,False,,False,True,biosynthesis_enzyme,,FALSE,,
NKG2D_II_receptor,P26718,Q9UBK5,,,True,False,False,,False,True,hematopoyetic_receptor,False,False,,,FALSE,,Heterohexamer composed of two subunits of KLRK1 and four subunits of HCST DAP10
NODAL_receptor_IbIIa_CFC1,P36896,P27037,P0CG37,,True,False,False,,False,True,,False,False,,,FALSE,,
NODAL_receptor_IbIIa_TDGF1,P36896,P27037,P13385,,True,False,False,,False,True,,False,False,,,FALSE,,
NODAL_receptor_IbIIb_CFC1,P36896,Q13705,P0CG37,,True,False,False,,False,True,,False,False,,,FALSE,,
NODAL_receptor_IbIIb_TDGF1,P36896,Q13705,P13385,,True,False,False,,False,True,,False,False,,,FALSE,,
NODAL_receptor_IcIIb_CFC1,Q8NER5,Q13705,P0CG37,,True,False,False,,False,True,,False,False,,,FALSE,,
NODAL_receptor_IcIIb_TDGF1,Q8NER5,Q13705,P13385,,True,False,False,,False,True,,False,False,,,FALSE,,
Noradrenaline_byDBH,P09172,,,,False,False,True,CHEBI:18357,True,False,,False,True,biosynthesis_enzyme,,FALSE,,
OSMR,Q99650,P40189,,,True,False,False,,False,True,Cytokine_receptor_IL6_family,False,False,,,FALSE,,Heterodimer composed of OSMR and IL6ST (type II OSM receptor)
PDGFR_complex,P16234,P09619,,,True,False,False,,False,True,growth_factor_receptor,False,False,,,FALSE,,heterodimers formed byPDGFA and PDGFB
PTCH2_BOC_transmembrane_receptor,Q9Y6C5,Q9BWV1,,,True,False,False,,False,True,,False,False,,,FALSE,,PMID:25448692
PTCH2_CDON_transmembrane_receptor,Q9Y6C5,Q4KMG0,,,True,False,False,,False,True,,False,False,,,FALSE,,PMID:25448692
PTCH2_GAS1_transmembrane_receptor,Q9Y6C5,P54826,,,True,False,False,,False,True,,False,False,,,FALSE,,PMID:25448692
PTCH_BOC_transmembrane_receptor,Q13635,Q9BWV1,,,True,False,False,,False,True,,False,False,,,FALSE,,
PTCH_CDON_transmembrane_receptor,Q13635,Q4KMG0,,,True,False,False,,False,True,,False,False,,,FALSE,,
PTCH_GAS1_transmembrane_receptor,Q13635,P54826,,,True,False,False,,False,True,,False,False,,,FALSE,,
PlexinA1_complex1,Q9UIW2,P35968,,,True,False,False,,False,True,,False,False,,,FALSE,,PMID: 22325954
PlexinA1_complex2,Q9UIW2,Q9NZC2,O43914,,True,False,False,,False,True,,False,False,,,FALSE,,PMID: 22325954
PlexinA1_complex3,O14786,Q9UIW2,,,True,False,False,,False,True,,False,False,,,FALSE,,PMID: 22325954
PlexinA2_complex1,O14786,O75051,,,True,False,False,,False,True,,False,False,,,FALSE,,PMID: 22325954
PlexinA3_complex1,O14786,P51805,,,True,False,False,,False,True,,False,False,,,FALSE,,PMID: 22325954
PlexinA4_complex1,O14786,Q9HCM2,,,True,False,False,,False,True,,False,False,,,FALSE,,PMID: 22325954
Pregnenolone_byCYP11A1,P05108,Q6P4F2,P10109,P22570,False,False,True,CHEBI:16581,True,False,,False,True,biosynthesis_enzyme,,FALSE,,
Progesterone_byHSD3B1,P14060,,,,False,False,True,CHEBI:17026;CHEBI:16422;CHEBI:17252,True,False,,False,True,biosynthesis_enzyme,,FALSE,,
Prostacyclin_byPTGIS,Q16647,,,,False,False,True,CHEBI:15552,True,False,,False,True,biosynthesis_enzyme,,FALSE,,
ProstaglandinD2_byAKR1C3,P42330,,,,False,False,True,CHEBI:57406,True,False,,False,True,biosynthesis_enzyme,,FALSE,,
ProstaglandinE2_byPTGES,O14684,,,,False,False,True,CHEBI:15551,True,False,,False,True,biosynthesis_enzyme,,FALSE,,
ProstaglandinE2_byPTGES2,Q9H7Z7,,,,False,False,True,CHEBI:15551,True,False,,False,True,biosynthesis_enzyme,,FALSE,,
ProstaglandinE2_byPTGES3,Q15185,,,,False,False,True,CHEBI:15551,True,False,,False,True,biosynthesis_enzyme,,FALSE,,
ProstaglandinF2a_byAKR1B1,P15121,,,,False,False,True,CHEBI:15553,True,False,,False,True,biosynthesis_enzyme,,FALSE,,
ProstaglandinF2a_byCBR1,P16152,,,,False,False,True,CHEBI:15553,True,False,,False,True,biosynthesis_enzyme,,FALSE,,
ProstaglandinF2a_byPRXL2B,Q8TBF2,,,,False,False,True,CHEBI:15553,True,False,,False,True,biosynthesis_enzyme,,FALSE,,
RAMP1_complex,Q16602,O60894,,,True,False,False,,False,True,,False,False,,3n7p,TRUE,CALCRL;RAMP1,Heterodimer of CALCRL and RAMP3 (bysimilarity) Heterodimer of CALCRL and RAMP1 or CALCRL and RAMP2
RAMP2_complex,Q16602,O60895,,,True,False,False,,False,True,,False,False,,3aqf,TRUE,CALCRL;RAMP2,Heterodimer of CALCRL and RAMP3 (bysimilarity) Heterodimer of CALCRL and RAMP1 or CALCRL and RAMP2
RAMP3_complex,O60896,Q16602,Q99527,,True,False,False,,False,True,,False,False,,,FALSE,,Transports the calcitonin gene related peptide type 1 receptor (CALCRL) and GPER1 to the plasma membrane
RAreceptor_RARA,P10276,P29373,,,True,False,False,False,False,True,nuclear_receptor;needs transporter,False,True,,,FALSE,,
RAreceptor_RARA_RXRA,P10276,P19793,P29373,,True,False,False,False,False,True,nuclear_receptor;needs transporter,False,True,,,FALSE,,
RAreceptor_RARB,P10826,P29373,,,True,False,False,False,False,True,nuclear_receptor;needs transporter,False,True,,,FALSE,,
RAreceptor_RARB_RXRB,P10826,P28702,P29373,,True,False,False,False,False,True,nuclear_receptor;needs transporter,False,True,,,FALSE,,
RAreceptor_RARG,P13631,P29373,,,True,False,False,False,False,True,nuclear_receptor;needs transporter,False,True,,,FALSE,,
RAreceptor_RARG_RXRG,P13631,P48443,P29373,,True,False,False,False,False,True,nuclear_receptor;needs transporter,False,True,,,FALSE,,
RAreceptor_RXRA,P19793,P29373,,,True,False,False,False,False,True,nuclear_receptor;needs transporter,False,True,,,FALSE,,
RAreceptor_RXRB,P28702,P29373,,,True,False,False,False,False,True,nuclear_receptor;needs transporter,False,True,,,FALSE,,
RAreceptor_RXRG,P48443,P29373,,,True,False,False,False,False,True,nuclear_receptor;needs transporter,False,True,,,FALSE,,
RET_receptor_1,P07949,P56159,,,True,False,False,,False,True,,False,False,,,FALSE,,
RET_receptor_2,P07949,O00451,,,True,False,False,,False,True,,False,False,,,FALSE,,
RET_receptor_3,P07949,O60609,,,True,False,False,,False,True,,False,False,,,FALSE,,
RET_receptor_4,P07949,Q9GZZ7,,,True,False,False,,False,True,,False,False,,,FALSE,,
SIRB1_complex,O00241,O43914,,,True,False,False,,False,True,,False,False,,,FALSE,,Homodimer; disulfide linked Interacts with TYROBP This interaction results in the recruitment of SYK
SLC16A1_complex,P35613,P53985,,,True,False,False,,False,False,,False,False,,,FALSE,,Interacts with BSG; this is required for expression at the cell membrane
SerotoninDopamin_byDDC,P20711,,,,False,False,True,CHEBI:28790,True,False,,False,True,biosynthesis_enzyme,,FALSE,,
TGFR_AVR2A,P36897,P27037,,,True,False,False,,False,True,,False,False,,,FALSE,,
TGFR_AVR2B,P36897,Q13705,,,True,False,False,,False,True,,False,False,,,FALSE,,
TGFR_BMPR2,P36897,Q13873,,,True,False,False,,False,True,,False,False,,,FALSE,,
TGFbeta_receptor1,P36897,P37173,,,True,False,False,,False,True,TGFBeta_receptor_add,False,False,,,FALSE,,"Heterohexamer; TGFB1, TGFB2 and TGFB3 homodimeric ligands assemble a functional receptor composed of two TGFBR1 and TGFBR2 heterodimers to form a ligand receptor heterohexamer"
TGFbeta_receptor2,P37173,Q04771,,,True,False,False,,False,True,TGFBeta_receptor_add,False,False,,,FALSE,,
TREM2_receptor,Q9NZC2,O43914,,,True,False,False,,False,True,,False,False,,,FALSE,,Interacts with TYROBP DAP12
TSLPR,P16871,Q9HC73,,,True,False,False,,False,True,"Cytokine_receptor_IL2_family,_IL7_subfamily",False,False,,5j11,binding,CRLF2;IL7R;TSLP,The TSLP receptor is a heterodimer of CRLF2 and IL7R
Testosterone_byAKR1D1,P51857,,,,False,False,True,CHEBI:17347,True,False,,False,True,biosynthesis_enzyme,,FALSE,,
Testosterone_byHSD17B12,Q53GQ0,,,,False,False,True,RAreceptor_RARG_RXRG,True,False,,False,True,biosynthesis_enzyme,,FALSE,,
Testosterone_byHSD17B3,P37058,,,,False,False,True,CHEBI:17347,True,False,,False,True,biosynthesis_enzyme,,FALSE,,
ThromboxaneA2_byTBXAS1,P24557,,,,False,False,True,CHEBI:15627,True,False,,False,True,biosynthesis_enzyme,,FALSE,,
Thyrostimulin,Q86YW7,Q96T91,,,False,False,True,,True,False,,False,False,,,FALSE,,
Thyrotropin,P01215,P01222,,,False,False,True,,True,False,,False,False,,,FALSE,,
Triiodothyronine_byDIO3,P55073,P01266,,,False,False,True,CHEBI:18258,True,False,,False,True,biosynthesis_enzyme,,FALSE,,
Type_III_IFNR,Q08334,Q8IU57,,,True,False,False,,False,True,,False,False,,,FALSE,,
Type_II_IFNR,P15260,P38484,,,True,False,False,,False,True,Cytokine_receptor_family,False,False,,1fg9,binding,IFNG;IFNG;IFNGR1;IFNGR1;IFNGR1,Associates with IFNGR2 to form a receptor for the cytokine interferon gamma (IFNG)
Type_I_IFNR,P17181,P48551,,,True,False,False,,False,True,Cytokine_receptor_family,False,False,,3se3,binding,IFNA2;IFNAR1;IFNAR2,Heterodimer with IFNAR2
atRetinoicAcid_byALDH1A1,P00352,,,,False,False,True,CHEBI:15367,True,False,,False,True,biosynthesis_enzyme,,FALSE,,
atRetinoicAcid_byALDH1A2,O94788,,,,False,False,True,CHEBI:15367,True,False,,False,True,biosynthesis_enzyme,,FALSE,,
atRetinoicAcid_byALDH1A3,P47895,,,,False,False,True,CHEBI:15367,True,False,,False,True,biosynthesis_enzyme,,FALSE,,
fibrinogen,P02671,P02679,P02675,,False,True,False,,False,False,,False,False,,,FALSE,,
glyco_Lutropin,P01215,P01229,,,False,False,True,,True,False,,False,False,,,FALSE,,
integrin_a10b1_complex,P05556,O75578,,,True,False,False,,False,False,,True,False,,,FALSE,,Well known integrin combination
integrin_a11b1_complex,P05556,Q9UKX5,,,True,False,False,,False,False,,True,False,,,FALSE,,Well known integrin combination
integrin_a1b1_complex,P05556,P56199,,,True,False,False,,False,False,,True,False,,,FALSE,,Well known integrin combination
integrin_a2Bb3_complex,P08514,P05106,,,True,False,False,,False,False,,True,False,,1kup,TRUE,ITGA2B;ITGB3,Well known integrin combination
integrin_a2b1_complex,P05556,P17301,,,True,False,False,,False,False,,True,False,,,FALSE,,Well known integrin combination
integrin_a3b1_complex,P05556,P26006,,,True,False,False,,False,False,,True,False,,,FALSE,,Well known integrin combination
integrin_a4b1_complex,P05556,P13612,,,True,False,False,,False,False,,True,False,,,FALSE,,Well known integrin combination
integrin_a4b7_complex,P26010,P13612,,,True,False,False,,False,False,,True,False,,,FALSE,,Well known integrin combination
integrin_a5b1_complex,P05556,P08648,,,True,False,False,,False,False,,True,False,,,FALSE,,Well known integrin combination
integrin_a6b1_complex,P05556,P23229,,,True,False,False,,False,False,,True,False,,,FALSE,,Well known integrin combination
integrin_a6b4_complex,P16144,P23229,,,True,False,False,,False,False,,True,False,,,FALSE,,Well known integrin combination
integrin_a7b1_complex,P05556,Q13683,,,True,False,False,,False,False,,True,False,,,FALSE,,Well known integrin combination
integrin_a8b1_complex,P05556,P53708,,,True,False,False,,False,False,,True,False,,,FALSE,,Well known integrin combination
integrin_a9b1_complex,P05556,Q13797,,,True,False,False,,False,False,,True,False,,,FALSE,,Well known integrin combination
integrin_aDb2_complex,P05107,Q13349,,,True,False,False,,False,False,,True,False,,,FALSE,,Well known integrin combination
integrin_aEb7_complex,P26010,P38570,,,True,False,False,,False,False,,True,False,,,FALSE,,Well known integrin combination
integrin_aLb2_complex,P05107,P20701,,,True,False,False,,False,False,,True,False,,,FALSE,,Well known integrin combination
integrin_aMb2_complex,P05107,P11215,,,True,False,False,,False,False,,True,False,,,FALSE,,Well known integrin combination
integrin_aVb1_complex,P05556,P06756,,,True,False,False,,False,False,,True,False,,,FALSE,,Well known integrin combination
integrin_aVb3_complex,P06756,P05106,,,True,False,False,,False,False,,True,False,,1jv2,TRUE,ITGAV;ITGB3,Well known integrin combination
integrin_aVb5_complex,P18084,P06756,,,True,False,False,,False,False,,True,False,,,FALSE,,Well known integrin combination
integrin_aVb6_complex,P06756,P18564,,,True,False,False,,False,False,,True,False,,4um8,TRUE,ITGAV;ITGB6,Well known integrin combination
integrin_aVb8_complex,P26012,P06756,,,True,False,False,,False,False,,True,False,,,FALSE,,Well known integrin combination
integrin_aXb2_complex,P20702,P05107,,,True,False,False,,False,False,,True,False,,3k6s,TRUE,ITGAX;ITGB2,Well known integrin combination
pL1:Ezrin,P15311,P32004,,,True,False,False,,False,True,,False,False,,,FALSE,,
